NOSE.x,NOSE.y,NOSE.z,LEFT_EYE_INNER.x,LEFT_EYE_INNER.y,LEFT_EYE_INNER.z,LEFT_EYE.x,LEFT_EYE.y,LEFT_EYE.z,LEFT_EYE_OUTER.x,LEFT_EYE_OUTER.y,LEFT_EYE_OUTER.z,RIGHT_EYE_INNER.x,RIGHT_EYE_INNER.y,RIGHT_EYE_INNER.z,RIGHT_EYE.x,RIGHT_EYE.y,RIGHT_EYE.z,RIGHT_EYE_OUTER.x,RIGHT_EYE_OUTER.y,RIGHT_EYE_OUTER.z,LEFT_EAR.x,LEFT_EAR.y,LEFT_EAR.z,RIGHT_EAR.x,RIGHT_EAR.y,RIGHT_EAR.z,MOUTH_LEFT.x,MOUTH_LEFT.y,MOUTH_LEFT.z,MOUTH_RIGHT.x,MOUTH_RIGHT.y,MOUTH_RIGHT.z,LEFT_SHOULDER.x,LEFT_SHOULDER.y,LEFT_SHOULDER.z,RIGHT_SHOULDER.x,RIGHT_SHOULDER.y,RIGHT_SHOULDER.z,LEFT_ELBOW.x,LEFT_ELBOW.y,LEFT_ELBOW.z,RIGHT_ELBOW.x,RIGHT_ELBOW.y,RIGHT_ELBOW.z,LEFT_WRIST.x,LEFT_WRIST.y,LEFT_WRIST.z,RIGHT_WRIST.x,RIGHT_WRIST.y,RIGHT_WRIST.z,LEFT_PINKY.x,LEFT_PINKY.y,LEFT_PINKY.z,RIGHT_PINKY.x,RIGHT_PINKY.y,RIGHT_PINKY.z,LEFT_INDEX.x,LEFT_INDEX.y,LEFT_INDEX.z,RIGHT_INDEX.x,RIGHT_INDEX.y,RIGHT_INDEX.z,LEFT_THUMB.x,LEFT_THUMB.y,LEFT_THUMB.z,RIGHT_THUMB.x,RIGHT_THUMB.y,RIGHT_THUMB.z,LEFT_HIP.x,LEFT_HIP.y,LEFT_HIP.z,RIGHT_HIP.x,RIGHT_HIP.y,RIGHT_HIP.z,LEFT_KNEE.x,LEFT_KNEE.y,LEFT_KNEE.z,RIGHT_KNEE.x,RIGHT_KNEE.y,RIGHT_KNEE.z,LEFT_ANKLE.x,LEFT_ANKLE.y,LEFT_ANKLE.z,RIGHT_ANKLE.x,RIGHT_ANKLE.y,RIGHT_ANKLE.z,LEFT_HEEL.x,LEFT_HEEL.y,LEFT_HEEL.z,RIGHT_HEEL.x,RIGHT_HEEL.y,RIGHT_HEEL.z,LEFT_FOOT_INDEX.x,LEFT_FOOT_INDEX.y,LEFT_FOOT_INDEX.z,RIGHT_FOOT_INDEX.x,RIGHT_FOOT_INDEX.y,RIGHT_FOOT_INDEX.z
-0.7021819949150085,0.2277861386537552,-0.22177256643772125,-0.6980432271957397,0.18275558948516846,-0.256874144077301,-0.6967957615852356,0.18337330222129822,-0.2445375919342041,-0.6996918320655823,0.1847342550754547,-0.24517661333084106,-0.7271737456321716,0.1689961552619934,-0.23250091075897217,-0.7248561978340149,0.16689728200435638,-0.246080681681633,-0.7105218172073364,0.1580023616552353,-0.22348815202713013,-0.6012831330299377,0.07738298922777176,-0.32924744486808777,-0.6146917939186096,0.05055810883641243,-0.15907295048236847,-0.6590315103530884,0.19047874212265015,-0.23021063208580017,-0.6447370648384094,0.1781771183013916,-0.2093089371919632,-0.39092257618904114,0.04695603623986244,-0.2796948254108429,-0.5955250859260559,-0.03700510412454605,0.05330467224121094,-0.19610066711902618,0.031644850969314575,-0.24752013385295868,-0.409859299659729,-0.0718482956290245,0.20408117771148682,-0.2562933564186096,0.15223324298858643,-0.04735608398914337,-0.4525010585784912,0.13519585132598877,0.3364104926586151,-0.3095192611217499,0.19537197053432465,-0.028553057461977005,-0.5045666694641113,0.14408913254737854,0.33194687962532043,-0.3407004475593567,0.178657665848732,-0.023185761645436287,-0.5450007319450378,0.14705410599708557,0.32827866077423096,-0.26645997166633606,0.14222095906734467,-0.0392361618578434,-0.4746743440628052,0.15396136045455933,0.3286919891834259,0.03481724485754967,0.01804923266172409,-0.07420864701271057,-0.04162197560071945,-0.0203347597271204,0.0721796378493309,0.37614208459854126,-0.006443336606025696,0.09836506843566895,0.26174983382225037,-0.05120398849248886,0.2639598548412323,0.6806390285491943,-0.03479202836751938,0.3136671483516693,0.6552258729934692,-0.0546097494661808,0.466242253780365,0.7117369771003723,-0.007283397018909454,0.3401373624801636,0.687330424785614,-0.04538150131702423,0.4492679834365845,0.6981735229492188,0.12818709015846252,0.34212082624435425,0.6588098406791687,0.05595502257347107,0.4579474627971649
-0.7039268612861633,0.21750040352344513,-0.21313105523586273,-0.6989834904670715,0.17767417430877686,-0.2512741684913635,-0.6982465386390686,0.17833730578422546,-0.23927055299282074,-0.7009447813034058,0.17964982986450195,-0.24000607430934906,-0.7257752418518066,0.161704882979393,-0.2274419069290161,-0.7234359383583069,0.1595846712589264,-0.2402966320514679,-0.7095432281494141,0.15144594013690948,-0.2181493192911148,-0.6058185696601868,0.07952731102705002,-0.3282889723777771,-0.6100783944129944,0.04273534566164017,-0.16239725053310394,-0.6619211435317993,0.17989054322242737,-0.22491374611854553,-0.6458346843719482,0.165409654378891,-0.2047363668680191,-0.3871890902519226,0.050843168050050735,-0.276846706867218,-0.5762149691581726,-0.03546682000160217,0.06639321893453598,-0.1901574581861496,0.04117443040013313,-0.24867194890975952,-0.3888151943683624,-0.044967956840991974,0.2289041131734848,-0.2638757824897766,0.15910404920578003,-0.05159885808825493,-0.45397263765335083,0.12757214903831482,0.3398246169090271,-0.3088814914226532,0.20419523119926453,-0.03453051298856735,-0.5094900131225586,0.12664887309074402,0.3281230926513672,-0.33751416206359863,0.19208066165447235,-0.02876715362071991,-0.5406381487846375,0.1368120014667511,0.31555211544036865,-0.2717330753803253,0.15064163506031036,-0.04456133767962456,-0.4750450551509857,0.14679843187332153,0.327942430973053,0.031801894307136536,0.025521382689476013,-0.07730045169591904,-0.038542840629816055,-0.027600549161434174,0.07557842880487442,0.3721948266029358,-0.00042681023478507996,0.10673599690198898,0.262868732213974,-0.057066865265369415,0.27703016996383667,0.6792014837265015,-0.03941791504621506,0.3337024748325348,0.6537728905677795,-0.05338136479258537,0.48396405577659607,0.710397481918335,-0.013048671185970306,0.36051300168037415,0.6856353878974915,-0.041311271488666534,0.46847426891326904,0.6946697235107422,0.1170564591884613,0.3600679934024811,0.6540188789367676,0.06647272408008575,0.48150721192359924
-0.7174816131591797,0.06539955735206604,-0.2607629597187042,-0.7059230804443359,0.023150280117988586,-0.29405084252357483,-0.7052216529846191,0.02362680435180664,-0.28175508975982666,-0.7072659134864807,0.023705102503299713,-0.28238651156425476,-0.7293360233306885,0.009313218295574188,-0.26979681849479675,-0.7272017002105713,0.007504567503929138,-0.2832522988319397,-0.7119932174682617,0.0027929991483688354,-0.2612370550632477,-0.598507821559906,-0.06620048731565475,-0.3503165543079376,-0.6063315868377686,-0.06952674686908722,-0.18728142976760864,-0.670493483543396,0.034304141998291016,-0.2664327919483185,-0.6536533236503601,0.030615009367465973,-0.247960165143013,-0.3771325647830963,-0.0409591980278492,-0.29381439089775085,-0.5665237307548523,-0.12741078436374664,0.05541018024086952,-0.2055259495973587,0.0739419013261795,-0.29354822635650635,-0.4045330882072449,0.009827427566051483,0.20745088160037994,-0.2763179540634155,0.24048306047916412,-0.14978718757629395,-0.47163304686546326,0.22874583303928375,0.2581348121166229,-0.3217642903327942,0.2887535095214844,-0.14144374430179596,-0.5232300758361816,0.23281806707382202,0.23383407294750214,-0.3470290005207062,0.2729555368423462,-0.1346975862979889,-0.5449637174606323,0.22205258905887604,0.21912114322185516,-0.28011682629585266,0.23661142587661743,-0.14195290207862854,-0.4892326295375824,0.2408013492822647,0.24405819177627563,0.02797589637339115,0.022296546027064323,-0.07551653683185577,-0.03381818160414696,-0.025676600635051727,0.07368028908967972,0.3684099018573761,0.05779990181326866,0.11224336922168732,0.2753458321094513,-0.01030818559229374,0.25663578510284424,0.6695281863212585,0.07699988782405853,0.3444923162460327,0.6458508968353271,0.03222469240427017,0.47536224126815796,0.6950680017471313,0.10678327083587646,0.37020525336265564,0.6725745797157288,0.04624774307012558,0.46078193187713623,0.6587735414505005,0.21572381258010864,0.36925140023231506,0.6183748245239258,0.13594669103622437,0.45990046858787537
-0.6633014678955078,-0.05280657112598419,-0.2529384195804596,-0.6581391096115112,-0.09470386803150177,-0.28976407647132874,-0.657527506351471,-0.09383173286914825,-0.27610376477241516,-0.6589004993438721,-0.0947665423154831,-0.2779158651828766,-0.6761959791183472,-0.10861217975616455,-0.2670513093471527,-0.674568772315979,-0.11052852869033813,-0.28213682770729065,-0.6589282751083374,-0.11172916740179062,-0.25987160205841064,-0.5622413158416748,-0.1828431785106659,-0.3482148349285126,-0.5588765144348145,-0.18196281790733337,-0.19110360741615295,-0.6174585223197937,-0.08581474423408508,-0.25937920808792114,-0.5963391661643982,-0.08504796773195267,-0.24318477511405945,-0.36015915870666504,-0.14319798350334167,-0.30713996291160583,-0.5286573767662048,-0.19309376180171967,0.05103336274623871,-0.31926965713500977,0.08944457769393921,-0.3294866681098938,-0.44428932666778564,0.03558385372161865,0.11245787888765335,-0.3335494101047516,0.3086993992328644,-0.23808728158473969,-0.4880443215370178,0.2779037654399872,0.073182612657547,-0.36280280351638794,0.3544238209724426,-0.2421095073223114,-0.522131621837616,0.2797878682613373,0.038474854081869125,-0.38757649064064026,0.35017481446266174,-0.23054248094558716,-0.5341401696205139,0.2657240927219391,0.01165835838764906,-0.33242690563201904,0.3142147362232208,-0.23156289756298065,-0.4994093179702759,0.2864222824573517,0.05231817439198494,0.026511175557971,0.0018700449727475643,-0.07357201725244522,-0.030381672084331512,-0.005151659250259399,0.07252118736505508,0.3642348349094391,0.12326133251190186,0.08814285695552826,0.2987133264541626,0.049863386899232864,0.2302970141172409,0.6751247048377991,0.21652905642986298,0.3018783628940582,0.6587178707122803,0.16505779325962067,0.4231356978416443,0.6964763402938843,0.2525867819786072,0.3227265179157257,0.684661865234375,0.18301576375961304,0.4017977714538574,0.6377634406089783,0.3564990162849426,0.2952195107936859,0.6029431819915771,0.2554401159286499,0.36697202920913696
-0.6668014526367188,-0.035983651876449585,-0.25036948919296265,-0.6614183783531189,-0.07804775983095169,-0.28714054822921753,-0.6612261533737183,-0.07709456980228424,-0.27343985438346863,-0.6624200940132141,-0.07801298797130585,-0.2752343714237213,-0.679900050163269,-0.09182172268629074,-0.2637346088886261,-0.6784480214118958,-0.09372185170650482,-0.27872905135154724,-0.6626969575881958,-0.09535332024097443,-0.256560742855072,-0.5656230449676514,-0.16886122524738312,-0.34787577390670776,-0.5611457824707031,-0.16943025588989258,-0.18811993300914764,-0.6208735108375549,-0.06998725980520248,-0.25746119022369385,-0.5997138619422913,-0.06985168904066086,-0.24081167578697205,-0.36111727356910706,-0.13428114354610443,-0.30695822834968567,-0.5338767766952515,-0.18032008409500122,0.04959491640329361,-0.3260989487171173,0.10337869077920914,-0.32672590017318726,-0.45478856563568115,0.04522216320037842,0.10816922783851624,-0.34004664421081543,0.31870225071907043,-0.23349422216415405,-0.4953283965587616,0.29020148515701294,0.06279981881380081,-0.36945581436157227,0.36426255106925964,-0.2366754412651062,-0.529748260974884,0.29363855719566345,0.027587013319134712,-0.3922273516654968,0.3589707314968109,-0.22678591310977936,-0.5400493144989014,0.27926164865493774,-0.00021406885934993625,-0.33829373121261597,0.3236074447631836,-0.2273043543100357,-0.5056557059288025,0.2987656593322754,0.041306085884571075,0.028546588495373726,-0.00013945437967777252,-0.0733131542801857,-0.032654523849487305,-0.0029290588572621346,0.0725199431180954,0.3646998405456543,0.12206204235553741,0.09835215657949448,0.29785776138305664,0.05407008156180382,0.23747721314430237,0.6721306443214417,0.21093128621578217,0.32074084877967834,0.6505625247955322,0.16999883949756622,0.44135457277297974,0.6935086846351624,0.24696160852909088,0.3427029848098755,0.6758304834365845,0.18808236718177795,0.42124703526496887,0.6371336579322815,0.3465579152107239,0.31605246663093567,0.5964539647102356,0.2588902711868286,0.3887271285057068
-0.701476514339447,0.09909368306398392,-0.27363598346710205,-0.6925173401832581,0.06447183340787888,-0.3078717887401581,-0.6911702156066895,0.0650046244263649,-0.29614385962486267,-0.6938948035240173,0.06564377248287201,-0.2960692048072815,-0.7137638330459595,0.04766683280467987,-0.2850618064403534,-0.7122349143028259,0.04539114609360695,-0.2986128628253937,-0.6966147422790527,0.03958418220281601,-0.27591463923454285,-0.5895408391952515,-0.022857703268527985,-0.37503233551979065,-0.5864859819412231,-0.03883091360330582,-0.21581459045410156,-0.6546861529350281,0.06565643101930618,-0.2821478545665741,-0.6352249383926392,0.056810975074768066,-0.2650470733642578,-0.35617342591285706,-0.016639946028590202,-0.3267408013343811,-0.5533479452133179,-0.11591480672359467,0.03476729616522789,-0.17750422656536102,0.061172228306531906,-0.3350648581981659,-0.3991169035434723,-0.014853023923933506,0.22627617418766022,-0.26476940512657166,0.2031794786453247,-0.1881522685289383,-0.4728042781352997,0.1871386468410492,0.32347074151039124,-0.31313440203666687,0.24649208784103394,-0.18065641820430756,-0.5251092314720154,0.18405479192733765,0.30333420634269714,-0.3413734436035156,0.2292199283838272,-0.17077642679214478,-0.5518325567245483,0.17815294861793518,0.29202714562416077,-0.2713242471218109,0.1963970959186554,-0.17946328222751617,-0.492605596780777,0.20073655247688293,0.3114783465862274,0.028083238750696182,0.02635585330426693,-0.0753246620297432,-0.035111598670482635,-0.029365280643105507,0.07171189039945602,0.3830527365207672,0.035871174186468124,0.14260545372962952,0.28417888283729553,-0.03617630526423454,0.28576555848121643,0.6732794046401978,0.0338519811630249,0.3847455084323883,0.6767021417617798,-0.012679358944296837,0.5094175934791565,0.6999397277832031,0.0614127479493618,0.4100513160228729,0.7064428925514221,0.0014439783990383148,0.4975797235965729,0.661492645740509,0.18227706849575043,0.4094592332839966,0.656721830368042,0.1016320139169693,0.49389225244522095
-0.6916490197181702,0.18971563875675201,-0.2415030151605606,-0.6863993406295776,0.15207841992378235,-0.2797090411186218,-0.6853490471839905,0.1530023217201233,-0.267851322889328,-0.6881332397460938,0.15419182181358337,-0.26794546842575073,-0.7126158475875854,0.1353989839553833,-0.25533807277679443,-0.7103496193885803,0.13329856097698212,-0.26837289333343506,-0.6960418224334717,0.12563401460647583,-0.2460273951292038,-0.5930209755897522,0.05298708379268646,-0.35497134923934937,-0.5962851643562317,0.020883306860923767,-0.18942146003246307,-0.6488261818885803,0.15130506455898285,-0.25239282846450806,-0.6321861743927002,0.1378934383392334,-0.2324165552854538,-0.3692089915275574,0.029579434543848038,-0.29641321301460266,-0.5576377511024475,-0.05810394510626793,0.04551653563976288,-0.16760002076625824,0.04759678989648819,-0.2631406784057617,-0.353225439786911,-0.036186765879392624,0.21766135096549988,-0.2599964141845703,0.1618604063987732,-0.062151625752449036,-0.43738430738449097,0.13592275977134705,0.32262545824050903,-0.3106381297111511,0.2054119110107422,-0.04612259939312935,-0.4979018270969391,0.13186882436275482,0.306350439786911,-0.3395274877548218,0.18781977891921997,-0.03928437456488609,-0.533210813999176,0.1335553675889969,0.2981237471103668,-0.26843559741973877,0.15176749229431152,-0.05364106595516205,-0.46132203936576843,0.151593416929245,0.31236764788627625,0.030134236440062523,0.025520510971546173,-0.0724622830748558,-0.037073373794555664,-0.027638763189315796,0.0703168585896492,0.37458863854408264,0.0036647021770477295,0.1341991126537323,0.2691703736782074,-0.062391847372055054,0.2905701994895935,0.6704803705215454,-0.03962375968694687,0.3822724521160126,0.6552166938781738,-0.05998476967215538,0.5231245756149292,0.7003507614135742,-0.014084510505199432,0.41061297059059143,0.6860762238502502,-0.047941017895936966,0.511457085609436,0.6818762421607971,0.11823715269565582,0.4108707010746002,0.6487064361572266,0.0560859739780426,0.5238108038902283
-0.6870549321174622,0.19846729934215546,-0.23758769035339355,-0.6838734745979309,0.163880854845047,-0.2746473252773285,-0.6830451488494873,0.16467267274856567,-0.26310601830482483,-0.685607373714447,0.16585299372673035,-0.26316210627555847,-0.7099005579948425,0.14633747935295105,-0.25259295105934143,-0.7077784538269043,0.14455083012580872,-0.26535937190055847,-0.6933217644691467,0.13637393712997437,-0.2429484724998474,-0.5946739912033081,0.06627389788627625,-0.3490334451198578,-0.596349835395813,0.03306809812784195,-0.1916743665933609,-0.6448596119880676,0.1596812903881073,-0.24720561504364014,-0.6283141374588013,0.14599323272705078,-0.22959348559379578,-0.3736947178840637,0.04346015676856041,-0.2947208881378174,-0.5582489371299744,-0.04918815940618515,0.0470447912812233,-0.17645592987537384,0.05804337561130524,-0.2697370648384094,-0.3685556650161743,-0.03126900643110275,0.23693081736564636,-0.26017874479293823,0.16372442245483398,-0.0709463581442833,-0.45057472586631775,0.1358063668012619,0.3659277856349945,-0.31091514229774475,0.2049351930618286,-0.05399760976433754,-0.5128808617591858,0.1290859878063202,0.35185879468917847,-0.33737558126449585,0.18776647746562958,-0.04736686497926712,-0.5484851002693176,0.13433235883712769,0.34372857213020325,-0.26746803522109985,0.15281537175178528,-0.06234271079301834,-0.4752884805202484,0.15311512351036072,0.355475515127182,0.028980249539017677,0.025105943903326988,-0.0706545040011406,-0.03615332394838333,-0.027002815157175064,0.06818145513534546,0.3754207193851471,0.005403909832239151,0.14317557215690613,0.26308321952819824,-0.0549495592713356,0.2927212417125702,0.6708210706710815,-0.034652628004550934,0.394412100315094,0.6532768607139587,-0.04035531356930733,0.5248399972915649,0.7017549872398376,-0.009269148111343384,0.4221172332763672,0.684960126876831,-0.02618163451552391,0.5134661793708801,0.6878902912139893,0.1140143871307373,0.42426377534866333,0.649547815322876,0.07969937473535538,0.526365339756012
-0.6918525695800781,0.21084803342819214,-0.2256167083978653,-0.6889204382896423,0.17348544299602509,-0.2634579837322235,-0.6880910396575928,0.1741873323917389,-0.2517598569393158,-0.6906644105911255,0.17547474801540375,-0.2523456811904907,-0.7150477170944214,0.1573638916015625,-0.24031507968902588,-0.712850034236908,0.15532776713371277,-0.25314390659332275,-0.6988936066627502,0.14703938364982605,-0.23093681037425995,-0.5999855995178223,0.07167589664459229,-0.33998027443885803,-0.6021903157234192,0.03625532239675522,-0.1767149269580841,-0.6505225896835327,0.17064589262008667,-0.2364901751279831,-0.6339058876037598,0.15605947375297546,-0.21739354729652405,-0.380403608083725,0.04263163357973099,-0.28627458214759827,-0.5648082494735718,-0.042687706649303436,0.05607431009411812,-0.18947114050388336,0.06011561304330826,-0.2687399387359619,-0.3752017617225647,-0.028560716658830643,0.22945505380630493,-0.27140316367149353,0.1708691120147705,-0.08634330332279205,-0.44981810450553894,0.13530293107032776,0.3403264582157135,-0.3197331130504608,0.2133091241121292,-0.07207281142473221,-0.509482204914093,0.1298249512910843,0.32563117146492004,-0.34683701395988464,0.1964832991361618,-0.06556937098503113,-0.5450999140739441,0.1350933313369751,0.31473037600517273,-0.27903833985328674,0.1603100299835205,-0.07853235304355621,-0.47331610321998596,0.15176008641719818,0.3291046917438507,0.03150802478194237,0.0235447958111763,-0.07421143352985382,-0.03840438276529312,-0.025491910055279732,0.07220188528299332,0.3816152811050415,0.004127193242311478,0.11138851195573807,0.2645932734012604,-0.03991468623280525,0.28156226873397827,0.6794847846031189,-0.03023088350892067,0.34191933274269104,0.6509010791778564,-0.04112905263900757,0.49557116627693176,0.7099441885948181,-0.003996826708316803,0.36864250898361206,0.6823239922523499,-0.029325757175683975,0.48153987526893616,0.6882501840591431,0.12310634553432465,0.3683653473854065,0.6462809443473816,0.07830505818128586,0.49463415145874023
-0.6917770504951477,0.21103599667549133,-0.22538511455059052,-0.6881023645401001,0.17265963554382324,-0.26284360885620117,-0.687267005443573,0.17338860034942627,-0.25108101963996887,-0.689842939376831,0.17467355728149414,-0.25176239013671875,-0.7145404815673828,0.15681977570056915,-0.2396807223558426,-0.7124338746070862,0.15487854182720184,-0.2526731789112091,-0.6984224915504456,0.14648529887199402,-0.23035627603530884,-0.5986257195472717,0.07100333273410797,-0.33870136737823486,-0.6016083359718323,0.036082617938518524,-0.1755085289478302,-0.6503710150718689,0.1715984046459198,-0.23610790073871613,-0.6342659592628479,0.1572590470314026,-0.21705132722854614,-0.38005343079566956,0.043125007301568985,-0.284661203622818,-0.5702092051506042,-0.04210710525512695,0.05453143268823624,-0.19226734340190887,0.058719292283058167,-0.2655594050884247,-0.38151219487190247,-0.027309101074934006,0.22521479427814484,-0.2739523649215698,0.167094424366951,-0.08283831924200058,-0.44779589772224426,0.13712555170059204,0.33435168862342834,-0.3219674527645111,0.20965825021266937,-0.06955809891223907,-0.5056895613670349,0.13269421458244324,0.3196882903575897,-0.34951624274253845,0.19365686178207397,-0.06316660344600677,-0.5388393402099609,0.13813906908035278,0.3077944815158844,-0.28163981437683105,0.15678218007087708,-0.07538408786058426,-0.46964380145072937,0.15380898118019104,0.3225582242012024,0.033822763711214066,0.022919557988643646,-0.073727548122406,-0.040532659739255905,-0.024837493896484375,0.07197065651416779,0.37599894404411316,0.002597857266664505,0.11568889021873474,0.25798195600509644,-0.036007363349199295,0.285962849855423,0.6688766479492188,-0.020903728902339935,0.35008737444877625,0.6372285485267639,-0.030340738594532013,0.501097559928894,0.6989295482635498,0.006712339818477631,0.37753522396087646,0.6681215763092041,-0.017740361392498016,0.4870252013206482,0.6808134913444519,0.1322574019432068,0.37944573163986206,0.6321234107017517,0.08968037366867065,0.5017994046211243
-0.6893836855888367,0.20540399849414825,-0.24023646116256714,-0.6845216155052185,0.16828066110610962,-0.27742999792099,-0.6838183999061584,0.1691868007183075,-0.2657252848148346,-0.6862806677818298,0.1704758107662201,-0.26576557755470276,-0.7110232710838318,0.15090329945087433,-0.25465068221092224,-0.7089669108390808,0.14920634031295776,-0.26767459511756897,-0.6945133209228516,0.14087070524692535,-0.24502763152122498,-0.5917921662330627,0.07059923559427261,-0.3525371849536896,-0.5956701040267944,0.036451976746320724,-0.19266535341739655,-0.6464287042617798,0.16767042875289917,-0.25031253695487976,-0.630948007106781,0.15384098887443542,-0.23201262950897217,-0.3733753561973572,0.04653564468026161,-0.2953910231590271,-0.5654941201210022,-0.04239289462566376,0.041469134390354156,-0.1857314258813858,0.05434316769242287,-0.26932692527770996,-0.38482046127319336,-0.037781231105327606,0.2270234078168869,-0.2616336941719055,0.16086724400520325,-0.07438354194164276,-0.44961264729499817,0.12983918190002441,0.35831472277641296,-0.3095468282699585,0.20255827903747559,-0.058724839240312576,-0.508313000202179,0.12593798339366913,0.34536051750183105,-0.3371007740497589,0.18769167363643646,-0.05269903317093849,-0.5396247506141663,0.1336389183998108,0.334404855966568,-0.26889869570732117,0.15093880891799927,-0.06660711020231247,-0.4713280200958252,0.1483747810125351,0.3466934561729431,0.0314578115940094,0.023225808516144753,-0.07181064784526825,-0.038596536964178085,-0.0250101275742054,0.06949657201766968,0.3694368898868561,-0.004605598747730255,0.1381242424249649,0.26100486516952515,-0.05580168217420578,0.30004778504371643,0.6661240458488464,-0.04447804391384125,0.38213256001472473,0.6473210453987122,-0.05201975256204605,0.5298966765403748,0.6973848938941956,-0.018751829862594604,0.40956056118011475,0.6791005730628967,-0.03854900225996971,0.5181366205215454,0.6894243955612183,0.10832159966230392,0.4099733531475067,0.6495926380157471,0.06939372420310974,0.5329536199569702
-0.7018653154373169,0.20864710211753845,-0.22336269915103912,-0.6978963613510132,0.16777938604354858,-0.2594276964664459,-0.6970427632331848,0.16850236058235168,-0.247734934091568,-0.6996011734008789,0.16970184445381165,-0.24821463227272034,-0.7246608734130859,0.15287774801254272,-0.2358076125383377,-0.722431480884552,0.15103968977928162,-0.24861037731170654,-0.7082551717758179,0.14275193214416504,-0.22646059095859528,-0.6051008701324463,0.06445769220590591,-0.33223187923431396,-0.6116093397140503,0.036311812698841095,-0.16688629984855652,-0.6589411497116089,0.16925504803657532,-0.23364432156085968,-0.6439471244812012,0.15709131956100464,-0.2137508988380432,-0.38595065474510193,0.03585287928581238,-0.28272154927253723,-0.5731830596923828,-0.03600908815860748,0.06486799567937851,-0.1988142430782318,0.04581306129693985,-0.2731270492076874,-0.393372118473053,-0.032014742493629456,0.23679140210151672,-0.27556324005126953,0.16441082954406738,-0.09968045353889465,-0.4630071818828583,0.13506056368350983,0.3499526381492615,-0.3227114975452423,0.20716643333435059,-0.08573945611715317,-0.5210109949111938,0.1321677416563034,0.3361593186855316,-0.3496047258377075,0.19214145839214325,-0.07923822849988937,-0.5544175505638123,0.13850310444831848,0.32431676983833313,-0.2830294072628021,0.154997318983078,-0.0924956426024437,-0.4852158725261688,0.15267202258110046,0.3384053707122803,0.03071093186736107,0.019846880808472633,-0.07833119481801987,-0.03755679354071617,-0.021891649812459946,0.07633038610219955,0.37505224347114563,0.00262262299656868,0.11387161165475845,0.26156842708587646,-0.04712888225913048,0.28128063678741455,0.6742969751358032,-0.028699785470962524,0.34215137362480164,0.6418261528015137,-0.0383978970348835,0.4941500127315521,0.7047098278999329,-0.002488560974597931,0.3683067858219147,0.6724687218666077,-0.025590743869543076,0.47954198718070984,0.6796370148658752,0.12603574991226196,0.3653561472892761,0.6337040662765503,0.08651520311832428,0.4909628927707672
-0.6955128312110901,0.2051883041858673,-0.22885414958000183,-0.691063404083252,0.1664186418056488,-0.26613348722457886,-0.6901020407676697,0.16733330488204956,-0.25453242659568787,-0.6928126215934753,0.16855885088443756,-0.2548067271709442,-0.7172837257385254,0.15021629631519318,-0.2425612509250641,-0.715187668800354,0.14829953014850616,-0.25564730167388916,-0.7010261416435242,0.14004938304424286,-0.23330402374267578,-0.5985336303710938,0.06722472608089447,-0.34207549691200256,-0.6015865206718445,0.03301733359694481,-0.177334725856781,-0.652597188949585,0.16687726974487305,-0.23979440331459045,-0.6367349624633789,0.15296828746795654,-0.22017450630664825,-0.37888768315315247,0.04088199883699417,-0.28887680172920227,-0.5664219260215759,-0.04237347096204758,0.05691082403063774,-0.1843627691268921,0.04495593160390854,-0.27449479699134827,-0.3745499849319458,-0.0356936939060688,0.23133161664009094,-0.2633693516254425,0.15790677070617676,-0.09677401930093765,-0.44238290190696716,0.1318858414888382,0.3437630534172058,-0.3116791248321533,0.2010307013988495,-0.08391366899013519,-0.5004910826683044,0.12873785197734833,0.3302474915981293,-0.34020254015922546,0.18672046065330505,-0.07662396878004074,-0.5346794128417969,0.13556668162345886,0.31826159358024597,-0.2714516520500183,0.14877741038799286,-0.08916115015745163,-0.46477213501930237,0.14967525005340576,0.3321910798549652,0.03206842392683029,0.023331105709075928,-0.07623536139726639,-0.03901269659399986,-0.025245098397135735,0.07418697327375412,0.3764711916446686,-0.001961715519428253,0.12285102903842926,0.26038113236427307,-0.048792764544487,0.2915041744709015,0.6714738011360168,-0.04260290041565895,0.3630692958831787,0.6423145532608032,-0.03814040496945381,0.5133602023124695,0.7019192576408386,-0.017235733568668365,0.39089328050613403,0.6731727719306946,-0.024882778525352478,0.5002537965774536,0.6848246455192566,0.1105974018573761,0.3888607621192932,0.6375388503074646,0.08349090069532394,0.5118950009346008
-0.7009191513061523,0.211112841963768,-0.23154529929161072,-0.6978363990783691,0.17076534032821655,-0.26640787720680237,-0.6970135569572449,0.17130951583385468,-0.25470274686813354,-0.6996278762817383,0.17257902026176453,-0.25549542903900146,-0.7234308123588562,0.15732832252979279,-0.24392415583133698,-0.7212104797363281,0.15516433119773865,-0.25711920857429504,-0.7074301838874817,0.14726319909095764,-0.23501752316951752,-0.6077207922935486,0.06871821731328964,-0.33360934257507324,-0.6113007664680481,0.04483801871538162,-0.17310358583927155,-0.6591871976852417,0.17160895466804504,-0.23988205194473267,-0.643254816532135,0.16087089478969574,-0.22161415219306946,-0.3894459009170532,0.032086994498968124,-0.28092435002326965,-0.576448380947113,-0.027117885649204254,0.05948230251669884,-0.19877204298973083,0.03213280439376831,-0.281007319688797,-0.40370824933052063,-0.02849796786904335,0.22693109512329102,-0.26904383301734924,0.15848340094089508,-0.1274091601371765,-0.46228569746017456,0.1331651508808136,0.33078664541244507,-0.3152190148830414,0.2036440074443817,-0.11677023023366928,-0.5175118446350098,0.1308584362268448,0.3180638253688812,-0.343093603849411,0.1907186657190323,-0.10925453156232834,-0.5489183664321899,0.13812559843063354,0.304012656211853,-0.27651453018188477,0.15093858540058136,-0.12075524777173996,-0.48294326663017273,0.15051457285881042,0.31863269209861755,0.030666768550872803,0.015397047623991966,-0.07689224183559418,-0.03777163475751877,-0.017600100487470627,0.0749177485704422,0.3840901255607605,-0.012502644211053848,0.10548998415470123,0.2679837942123413,-0.03487766161561012,0.26030874252319336,0.6770113706588745,-0.05037166550755501,0.33700108528137207,0.6463863849639893,-0.04301045089960098,0.4678833484649658,0.7067596912384033,-0.025829188525676727,0.36447522044181824,0.6766223311424255,-0.032961271703243256,0.4528982937335968,0.6835842132568359,0.09457577764987946,0.3583756685256958,0.6459337472915649,0.07345958054065704,0.45629096031188965
-0.704918622970581,0.035367779433727264,-0.23614679276943207,-0.6974549293518066,-0.005883052945137024,-0.2707746922969818,-0.6964731216430664,-0.005446873605251312,-0.25828641653060913,-0.6984771490097046,-0.005288086831569672,-0.2590459883213043,-0.7205506563186646,-0.019973784685134888,-0.24785453081130981,-0.7186919450759888,-0.021520867943763733,-0.26147136092185974,-0.703430712223053,-0.025700457394123077,-0.23961015045642853,-0.5986918807029724,-0.09748302400112152,-0.32746097445487976,-0.6080418229103088,-0.10218474268913269,-0.17023304104804993,-0.6593315601348877,0.002036184072494507,-0.24200670421123505,-0.6426053643226624,-0.0011318698525428772,-0.2248832732439041,-0.3813815712928772,-0.0713333860039711,-0.2791498005390167,-0.5629560351371765,-0.15241651237010956,0.07552886754274368,-0.21653196215629578,0.058372966945171356,-0.2892307937145233,-0.3972811996936798,-0.0014435164630413055,0.20618239045143127,-0.27720147371292114,0.22466932237148285,-0.16103041172027588,-0.4632967710494995,0.21118444204330444,0.22674359381198883,-0.3226688504219055,0.27042460441589355,-0.1536296010017395,-0.5117788314819336,0.21064496040344238,0.19931842386722565,-0.3493790626525879,0.25551706552505493,-0.14313705265522003,-0.535646915435791,0.19988909363746643,0.18334318697452545,-0.281322181224823,0.22148925065994263,-0.15184231102466583,-0.48165956139564514,0.22197644412517548,0.21188580989837646,0.022945452481508255,0.021349191665649414,-0.07546590268611908,-0.028261903673410416,-0.02469976432621479,0.07387091219425201,0.367270290851593,0.06192658096551895,0.11069386452436447,0.285584032535553,-0.01974252611398697,0.2613224387168884,0.6716538071632385,0.08868257701396942,0.3418111205101013,0.6537594199180603,0.027478575706481934,0.47524601221084595,0.6964976191520691,0.11944381147623062,0.3669729232788086,0.6797325611114502,0.040405090898275375,0.45927971601486206,0.6481893062591553,0.23325663805007935,0.36066532135009766,0.6167211532592773,0.12624040246009827,0.4516410231590271
-0.6655445694923401,-0.0389682799577713,-0.24575196206569672,-0.6622717380523682,-0.07896824181079865,-0.2815971076488495,-0.6618189811706543,-0.07836326211690903,-0.26794716715812683,-0.6630957126617432,-0.07905761897563934,-0.27008765935897827,-0.6794833540916443,-0.09253149479627609,-0.25974807143211365,-0.6780675053596497,-0.09424266964197159,-0.2745199203491211,-0.6623715758323669,-0.0958060547709465,-0.25224587321281433,-0.5720415711402893,-0.16724051535129547,-0.3390780985355377,-0.5641924738883972,-0.16567613184452057,-0.1839168667793274,-0.6215373873710632,-0.07298894226551056,-0.2517150342464447,-0.5993602871894836,-0.0720851868391037,-0.2360907644033432,-0.3756071627140045,-0.13307993113994598,-0.30091729760169983,-0.5306534767150879,-0.17535565793514252,0.05792040005326271,-0.31893831491470337,0.08862300962209702,-0.32374632358551025,-0.4309171438217163,0.05413336306810379,0.11885903775691986,-0.3153735101222992,0.3129372000694275,-0.22628778219223022,-0.4615258276462555,0.28798750042915344,0.07810572534799576,-0.34128981828689575,0.3616601824760437,-0.22698581218719482,-0.4925293028354645,0.28944987058639526,0.04458510875701904,-0.3649432063102722,0.36010560393333435,-0.2164566069841385,-0.5095622539520264,0.2749229371547699,0.01773863472044468,-0.3128393292427063,0.3196828365325928,-0.21995095908641815,-0.47467851638793945,0.2956171929836273,0.05715460702776909,0.022744186222553253,0.0011148219928145409,-0.0754106268286705,-0.0263814739882946,-0.003810472320765257,0.07468980550765991,0.36484071612358093,0.10830451548099518,0.08703009784221649,0.30243590474128723,0.057770196348428726,0.2386685013771057,0.6785406470298767,0.187763512134552,0.2926606237888336,0.6580062508583069,0.16921772062778473,0.4275851845741272,0.7015318870544434,0.2223348617553711,0.31353768706321716,0.6846137642860413,0.18672828376293182,0.40632736682891846,0.6674352884292603,0.32960057258605957,0.2942637801170349,0.6191946864128113,0.2672496736049652,0.3789198398590088
-0.6687214970588684,-0.03920087218284607,-0.22375814616680145,-0.6685724854469299,-0.07866961508989334,-0.2583816945552826,-0.668613612651825,-0.07850687205791473,-0.244863823056221,-0.6696436405181885,-0.07902377098798752,-0.24730536341667175,-0.6855828166007996,-0.09278663992881775,-0.23765696585178375,-0.6844711899757385,-0.09413449466228485,-0.25200673937797546,-0.6684477925300598,-0.09579543024301529,-0.23004499077796936,-0.5825885534286499,-0.17092125117778778,-0.3151285946369171,-0.5744410753250122,-0.17134864628314972,-0.16459576785564423,-0.6247888207435608,-0.07577110081911087,-0.22946153581142426,-0.60262131690979,-0.0749836191534996,-0.21495020389556885,-0.38232535123825073,-0.145310640335083,-0.28583860397338867,-0.5403106808662415,-0.17196618020534515,0.07216089963912964,-0.3303641676902771,0.08282578736543655,-0.31592124700546265,-0.44459518790245056,0.052616141736507416,0.13224080204963684,-0.31858909130096436,0.31200331449508667,-0.21706537902355194,-0.46947234869003296,0.2777809202671051,0.09292935580015182,-0.3373587131500244,0.36353352665901184,-0.2167169451713562,-0.4920434355735779,0.2810998857021332,0.06000613048672676,-0.3596358299255371,0.36659520864486694,-0.21050266921520233,-0.5112086534500122,0.2653847336769104,0.03264591097831726,-0.3138746917247772,0.32097819447517395,-0.21177951991558075,-0.4818641245365143,0.2840280830860138,0.07178604602813721,0.023552831262350082,-0.00513866962864995,-0.07587005198001862,-0.027022093534469604,0.0028098346665501595,0.07521991431713104,0.36367082595825195,0.09613479673862457,0.08350929617881775,0.29335519671440125,0.061179935932159424,0.24597491323947906,0.6776785254478455,0.1623752862215042,0.2835307717323303,0.6403078436851501,0.17828047275543213,0.4327050447463989,0.7014365196228027,0.1955065131187439,0.30345621705055237,0.6671856045722961,0.19663460552692413,0.4110499918460846,0.6750736236572266,0.30213087797164917,0.283349871635437,0.6025279760360718,0.28177374601364136,0.3870731294155121
-0.7063762545585632,0.13286970555782318,-0.2556086778640747,-0.7000906467437744,0.09490445256233215,-0.2907215356826782,-0.6989966630935669,0.09538241475820541,-0.2790866494178772,-0.7017294764518738,0.09589231014251709,-0.27953967452049255,-0.7224986553192139,0.08020887523889542,-0.2672319710254669,-0.720516562461853,0.07779824733734131,-0.2805275321006775,-0.7054910659790039,0.0713864341378212,-0.25852447748184204,-0.602540910243988,0.00010958570055663586,-0.35794344544410706,-0.6002375483512878,-0.016352515667676926,-0.19416654109954834,-0.661863386631012,0.09584850817918777,-0.26403483748435974,-0.6430050730705261,0.08726537972688675,-0.2452063411474228,-0.3728879690170288,-0.014945129863917828,-0.30371108651161194,-0.5641223788261414,-0.08677896112203598,0.047889139503240585,-0.17812415957450867,0.03146122023463249,-0.31486374139785767,-0.38956326246261597,-0.015568039380013943,0.21943515539169312,-0.2575185298919678,0.18200460076332092,-0.18278174102306366,-0.4644123613834381,0.17549191415309906,0.3020859956741333,-0.3053949177265167,0.229220911860466,-0.17748937010765076,-0.5198966860771179,0.17331665754318237,0.28271767497062683,-0.335497111082077,0.21654102206230164,-0.1684621125459671,-0.5506702065467834,0.17228497564792633,0.27021291851997375,-0.2652713656425476,0.17737387120723724,-0.17530874907970428,-0.48559659719467163,0.19013582170009613,0.2900117337703705,0.028954695910215378,0.01935185119509697,-0.07587049901485443,-0.03569117188453674,-0.022282328456640244,0.073098324239254,0.37857645750045776,0.024635041132569313,0.11291810125112534,0.28119826316833496,-0.03747308999300003,0.2570734918117523,0.6738650798797607,0.0017826715484261513,0.3594750165939331,0.6688587069511414,-0.031145183369517326,0.48063138127326965,0.7008653879165649,0.027463406324386597,0.386463463306427,0.6985892057418823,-0.01997140422463417,0.46766015887260437,0.6591392755508423,0.14427170157432556,0.38201600313186646,0.6498097777366638,0.07861828058958054,0.46686816215515137
-0.7114419341087341,0.18526357412338257,-0.23757098615169525,-0.7050760984420776,0.14392492175102234,-0.2729198634624481,-0.703931450843811,0.1446734517812729,-0.2610897719860077,-0.7066375017166138,0.14577282965183258,-0.2617571949958801,-0.7314606308937073,0.13066525757312775,-0.24996748566627502,-0.729215145111084,0.12848426401615143,-0.2630157172679901,-0.7153240442276001,0.12048087269067764,-0.24085474014282227,-0.6077457070350647,0.04697640240192413,-0.34071335196495056,-0.6115855574607849,0.02275652438402176,-0.17986617982387543,-0.6680648326873779,0.1488993614912033,-0.24607668817043304,-0.6518048644065857,0.13717906177043915,-0.22770681977272034,-0.38214197754859924,0.02662026323378086,-0.28608670830726624,-0.5738967657089233,-0.046425193548202515,0.05589509755373001,-0.18729011714458466,0.03598847985267639,-0.2682777941226959,-0.3792441487312317,-0.03328545391559601,0.22380568087100983,-0.2730127274990082,0.15433856844902039,-0.09628713876008987,-0.4498710334300995,0.13722240924835205,0.3222264349460602,-0.32189130783081055,0.1994418054819107,-0.08413029462099075,-0.5101927518844604,0.13518625497817993,0.3060781955718994,-0.35077109932899475,0.18470878899097443,-0.07597358524799347,-0.5412471294403076,0.13805876672267914,0.29427289962768555,-0.2816573679447174,0.14548660814762115,-0.08854054659605026,-0.471111536026001,0.1531916707754135,0.31057044863700867,0.03393245115876198,0.019651036709547043,-0.07549870014190674,-0.040903154760599136,-0.022029101848602295,0.07343897968530655,0.3751121759414673,0.0008518137037754059,0.1071174368262291,0.26040634512901306,-0.03432026132941246,0.26226550340652466,0.6641555428504944,-0.03282593563199043,0.34527912735939026,0.6453042030334473,-0.046100400388240814,0.48565787076950073,0.6931273341178894,-0.0062207430601119995,0.3728320300579071,0.675840437412262,-0.03556734323501587,0.4720226526260376,0.6612063646316528,0.12417294830083847,0.37263745069503784,0.6362695693969727,0.07394523173570633,0.4833894371986389
-0.6998143792152405,0.2003253698348999,-0.22716011106967926,-0.6965970993041992,0.160810649394989,-0.263196736574173,-0.6956244111061096,0.16165974736213684,-0.25169438123703003,-0.698281466960907,0.16270938515663147,-0.251982182264328,-0.7221932411193848,0.1454949676990509,-0.2399652600288391,-0.720310389995575,0.14347732067108154,-0.25306856632232666,-0.7060254216194153,0.13534151017665863,-0.2308996021747589,-0.6039231419563293,0.06003754213452339,-0.3371102213859558,-0.6074222922325134,0.031095825135707855,-0.17307139933109283,-0.6561265587806702,0.16124919056892395,-0.23759809136390686,-0.6401754021644592,0.14878612756729126,-0.21845941245555878,-0.3810567855834961,0.0301321092993021,-0.2886545956134796,-0.5661370158195496,-0.039560556411743164,0.060980428010225296,-0.18705236911773682,0.04099456965923309,-0.29120224714279175,-0.3788134455680847,-0.03261694684624672,0.23449423909187317,-0.2640114426612854,0.16487568616867065,-0.1364884078502655,-0.4525483250617981,0.13812586665153503,0.34182611107826233,-0.311275452375412,0.20773467421531677,-0.12552857398986816,-0.511401355266571,0.13533063232898712,0.3273039758205414,-0.3400126099586487,0.19293621182441711,-0.11749228090047836,-0.5475243330001831,0.1418076604604721,0.31543442606925964,-0.2721545100212097,0.15625277161598206,-0.12920638918876648,-0.4759944975376129,0.15571820735931396,0.3304734230041504,0.0296828243881464,0.018482783809304237,-0.07703369110822678,-0.03674295172095299,-0.02051519602537155,0.07455793768167496,0.37451276183128357,0.001780964434146881,0.12605908513069153,0.26852449774742126,-0.04901883378624916,0.28172507882118225,0.6734822392463684,-0.038598932325839996,0.36282360553741455,0.6582353711128235,-0.05217975378036499,0.5012275576591492,0.7043284177780151,-0.013632573187351227,0.3896133601665497,0.6898216009140015,-0.04104040935635567,0.48776134848594666,0.684256374835968,0.1130811795592308,0.3839268386363983,0.6582345962524414,0.06435266137123108,0.492831289768219
-0.6986029744148254,0.1979876458644867,-0.22545960545539856,-0.6942955255508423,0.15804162621498108,-0.26330694556236267,-0.6933519244194031,0.15893951058387756,-0.2515205144882202,-0.6960301399230957,0.1602064073085785,-0.2520371973514557,-0.7206147909164429,0.14242693781852722,-0.23918282985687256,-0.718414306640625,0.14051757752895355,-0.25215640664100647,-0.7042802572250366,0.13245701789855957,-0.2299899011850357,-0.6030197739601135,0.05822604149580002,-0.33919817209243774,-0.6065301895141602,0.02587716653943062,-0.17253287136554718,-0.6566519141197205,0.15955860912799835,-0.2364225834608078,-0.6403435468673706,0.14619511365890503,-0.21625405550003052,-0.3858749270439148,0.02991507761180401,-0.28640738129615784,-0.5683622360229492,-0.042421407997608185,0.05894416943192482,-0.1911778301000595,0.03825043514370918,-0.26775723695755005,-0.3716260492801666,-0.03348510339856148,0.22533199191093445,-0.2682373523712158,0.15803027153015137,-0.08583458513021469,-0.4418952763080597,0.1362517774105072,0.33104342222213745,-0.3141361176967621,0.20233429968357086,-0.0710727646946907,-0.4986552596092224,0.1335548460483551,0.3168531358242035,-0.34211528301239014,0.18791469931602478,-0.06411784887313843,-0.5331931710243225,0.13938400149345398,0.305402010679245,-0.2756224572658539,0.14921821653842926,-0.0779310092329979,-0.4644734859466553,0.15323613584041595,0.319652259349823,0.030214276164770126,0.01885213702917099,-0.07520429790019989,-0.03697390481829643,-0.020972274243831635,0.07319972664117813,0.37524309754371643,-0.004867158830165863,0.12042530626058578,0.264743834733963,-0.042671892791986465,0.2775166630744934,0.6694604158401489,-0.04696442931890488,0.35964375734329224,0.6468173265457153,-0.048868171870708466,0.5005053281784058,0.6994386315345764,-0.021347906440496445,0.3871769905090332,0.6774405241012573,-0.03825954720377922,0.4870655834674835,0.6796066761016846,0.10576224327087402,0.38257038593292236,0.6458912491798401,0.06688746809959412,0.49766749143600464
-0.6956003308296204,0.1900971233844757,-0.254930317401886,-0.6874140501022339,0.1508026272058487,-0.2914388179779053,-0.6864535212516785,0.1518499255180359,-0.27943289279937744,-0.6891359090805054,0.15326747298240662,-0.2794949412345886,-0.7140653729438782,0.1343495100736618,-0.26780885457992554,-0.7118446826934814,0.1327270120382309,-0.2809179425239563,-0.6976233124732971,0.124895840883255,-0.2580721080303192,-0.5896031260490417,0.057666804641485214,-0.3614571690559387,-0.5932196378707886,0.028199955821037292,-0.19990943372249603,-0.6518731117248535,0.15609890222549438,-0.26405689120292664,-0.6360605955123901,0.1433018147945404,-0.24552716314792633,-0.37164610624313354,0.04537854343652725,-0.302187979221344,-0.5572165250778198,-0.0416448749601841,0.038173969835042953,-0.17428214848041534,0.04894585907459259,-0.26237115263938904,-0.36255404353141785,-0.03401338681578636,0.21478460729122162,-0.2568207085132599,0.15846945345401764,-0.04998411610722542,-0.43888500332832336,0.13955393433570862,0.33822792768478394,-0.30706310272216797,0.20216211676597595,-0.032654374837875366,-0.5010097026824951,0.13821397721767426,0.3243206739425659,-0.33360645174980164,0.18759334087371826,-0.02572346292436123,-0.5337238311767578,0.14302030205726624,0.31501948833465576,-0.2636483609676361,0.1489783525466919,-0.04162249714136124,-0.46180281043052673,0.15725946426391602,0.3268319368362427,0.02988673746585846,0.023903746157884598,-0.07098162174224854,-0.03694095090031624,-0.025798149406909943,0.0689680352807045,0.37657517194747925,-0.005447637289762497,0.14164704084396362,0.26328974962234497,-0.0521746426820755,0.29328006505966187,0.6684642434120178,-0.03613458201289177,0.38578692078590393,0.646207869052887,-0.049928002059459686,0.5197862982749939,0.6987720727920532,-0.008950673043727875,0.41341838240623474,0.6767958402633667,-0.03637292981147766,0.5076737403869629,0.6888135075569153,0.1180664524435997,0.41212910413742065,0.6444169878959656,0.07192647457122803,0.5220575332641602
-0.7002858519554138,0.19350868463516235,-0.24179911613464355,-0.6939070820808411,0.1557074785232544,-0.277297705411911,-0.6930937170982361,0.1564745306968689,-0.2655526399612427,-0.6957591772079468,0.15774326026439667,-0.26562872529029846,-0.7196097373962402,0.13948996365070343,-0.2549387812614441,-0.7176126837730408,0.13751599192619324,-0.2678866684436798,-0.7033268809318542,0.1295499950647354,-0.2451956570148468,-0.5979225039482117,0.06178414821624756,-0.3472139239311218,-0.5999290943145752,0.033677347004413605,-0.18884092569351196,-0.6567836999893188,0.15836358070373535,-0.2507196068763733,-0.6401963233947754,0.14585620164871216,-0.2331411987543106,-0.3760576546192169,0.047754041850566864,-0.2923431396484375,-0.564344048500061,-0.04520447924733162,0.045112669467926025,-0.17903552949428558,0.05099162459373474,-0.26298099756240845,-0.38003313541412354,-0.03589393571019173,0.2247878462076187,-0.260490745306015,0.15694566071033478,-0.06591226905584335,-0.45876312255859375,0.13541461527347565,0.3547629714012146,-0.30936914682388306,0.19780848920345306,-0.049557141959667206,-0.5203015208244324,0.13201817870140076,0.3406425416469574,-0.3368796408176422,0.18276280164718628,-0.043395038694143295,-0.553483247756958,0.13722649216651917,0.33098411560058594,-0.2677839994430542,0.1468886137008667,-0.05836894363164902,-0.48207852244377136,0.1528695672750473,0.3436204195022583,0.029025336727499962,0.025315307080745697,-0.07105061411857605,-0.03606601804494858,-0.027331311255693436,0.06875166296958923,0.37649986147880554,-0.00967029482126236,0.13274259865283966,0.2744347155094147,-0.06095972657203674,0.2811841666698456,0.6781396865844727,-0.05319441854953766,0.36689966917037964,0.665465772151947,-0.05548827722668648,0.5002537965774536,0.7094690799713135,-0.027424529194831848,0.39315831661224365,0.6970824003219604,-0.042269039899110794,0.48731717467308044,0.7001820802688599,0.10018910467624664,0.3958361744880676,0.66718590259552,0.06102591007947922,0.5021371245384216
-0.6985192894935608,0.19205832481384277,-0.24312064051628113,-0.689868152141571,0.15402615070343018,-0.2797735929489136,-0.6889867782592773,0.15489383041858673,-0.2679465711116791,-0.691768229007721,0.1561952829360962,-0.2677144706249237,-0.7156741619110107,0.1358581781387329,-0.2567030191421509,-0.7137851715087891,0.13398201763629913,-0.2699073553085327,-0.6993610262870789,0.12609019875526428,-0.24695086479187012,-0.5899779200553894,0.06492456793785095,-0.3539174795150757,-0.5924756526947021,0.0310862734913826,-0.1933594048023224,-0.653741717338562,0.15968897938728333,-0.25392937660217285,-0.6377324461936951,0.1458355188369751,-0.23575367033481598,-0.36924898624420166,0.05457937344908714,-0.29711106419563293,-0.5631715655326843,-0.0476788692176342,0.04066937044262886,-0.17091971635818481,0.04615528881549835,-0.2670234143733978,-0.3867488205432892,-0.04677160084247589,0.2216612994670868,-0.2530280351638794,0.15754388272762299,-0.06728602200746536,-0.4575051963329315,0.13283047080039978,0.35876384377479553,-0.3034765422344208,0.20090441405773163,-0.05059625208377838,-0.5173705220222473,0.13287383317947388,0.34715309739112854,-0.3316986858844757,0.18773579597473145,-0.04311979189515114,-0.5470853447914124,0.14097094535827637,0.33737799525260925,-0.26063084602355957,0.14884242415428162,-0.05956100672483444,-0.4790108799934387,0.15273231267929077,0.34766313433647156,0.02898840419948101,0.02985639125108719,-0.07095160335302353,-0.036146197468042374,-0.03176439180970192,0.06846990436315536,0.3743295669555664,-0.0073529258370399475,0.14953728020191193,0.2777986526489258,-0.07864940166473389,0.291615754365921,0.6684085726737976,-0.04610344022512436,0.39136257767677307,0.6625711917877197,-0.07363563776016235,0.5146728157997131,0.6992502212524414,-0.019819200038909912,0.4185951054096222,0.6935573816299438,-0.059684108942747116,0.5026436448097229,0.6974383592605591,0.10606983304023743,0.4242374897003174,0.6651321053504944,0.0453142449259758,0.5191776752471924
-0.702102780342102,0.1839303970336914,-0.25116217136383057,-0.6934494972229004,0.14507493376731873,-0.2865420877933502,-0.6925528645515442,0.14599524438381195,-0.2747657895088196,-0.6951819062232971,0.14736756682395935,-0.2746487557888031,-0.7193071246147156,0.1283828318119049,-0.2640581727027893,-0.7173190712928772,0.12684372067451477,-0.2770898938179016,-0.7028435468673706,0.11871115863323212,-0.2542673349380493,-0.5944331288337708,0.05460713058710098,-0.35516202449798584,-0.5967187285423279,0.026202749460935593,-0.19766969978809357,-0.657647430896759,0.15103092789649963,-0.259446382522583,-0.6417577862739563,0.1384919136762619,-0.24230867624282837,-0.3751176595687866,0.043177030980587006,-0.2992902994155884,-0.5643221139907837,-0.043166182935237885,0.04207687824964523,-0.17902910709381104,0.042057186365127563,-0.2732328772544861,-0.3853030800819397,-0.04056314378976822,0.22744636237621307,-0.25472185015678406,0.15306997299194336,-0.081441730260849,-0.45207682251930237,0.1294347643852234,0.359880268573761,-0.30336785316467285,0.19652137160301208,-0.06632459163665771,-0.5118210911750793,0.12738652527332306,0.3473528325557709,-0.33000725507736206,0.18270832300186157,-0.059126291424036026,-0.5421006679534912,0.13342741131782532,0.33635589480400085,-0.26131847500801086,0.14421135187149048,-0.07347208261489868,-0.4734782874584198,0.14767159521579742,0.348143994808197,0.0297266636043787,0.02342536300420761,-0.0722796842455864,-0.036997195333242416,-0.025349227711558342,0.06984569132328033,0.37535202503204346,-0.004511557519435883,0.13693509995937347,0.26606348156929016,-0.05658424645662308,0.29111945629119873,0.6723591089248657,-0.04123517870903015,0.37518176436424255,0.6552323698997498,-0.05423148721456528,0.5164236426353455,0.7032005786895752,-0.014779731631278992,0.4018637239933014,0.686458945274353,-0.040390919893980026,0.5044751763343811,0.6925694942474365,0.11621901392936707,0.4012434184551239,0.6549302339553833,0.06840213388204575,0.5193616151809692
-0.7025594115257263,0.1947726160287857,-0.2321857511997223,-0.6950721144676208,0.15554815530776978,-0.2702876031398773,-0.6943477392196655,0.15644681453704834,-0.25828540325164795,-0.6970281004905701,0.15776829421520233,-0.25851207971572876,-0.7209592461585999,0.13824960589408875,-0.24632887542247772,-0.718843400478363,0.13651932775974274,-0.259365051984787,-0.704492449760437,0.12857531011104584,-0.23677638173103333,-0.5978289246559143,0.06272544711828232,-0.3459778130054474,-0.599880039691925,0.02763386070728302,-0.18132548034191132,-0.6588882207870483,0.1600937694311142,-0.2434501051902771,-0.6425601840019226,0.14614276587963104,-0.22389131784439087,-0.3799036145210266,0.04473705589771271,-0.2917165458202362,-0.5656642317771912,-0.045808158814907074,0.05262426659464836,-0.18035751581192017,0.04378382861614227,-0.26176363229751587,-0.3820834159851074,-0.04902270436286926,0.2245556116104126,-0.2602669596672058,0.15713094174861908,-0.06355175375938416,-0.45331278443336487,0.1282218098640442,0.34446895122528076,-0.3079143464565277,0.2004273235797882,-0.04706064984202385,-0.5105721950531006,0.12792015075683594,0.3318184018135071,-0.335724800825119,0.18687888979911804,-0.0409269854426384,-0.5413894653320312,0.13636034727096558,0.319812536239624,-0.26749294996261597,0.1481650471687317,-0.05601906776428223,-0.47479239106178284,0.14725831151008606,0.33245646953582764,0.029161609709262848,0.025595488026738167,-0.07442528754472733,-0.03597596287727356,-0.027687443420290947,0.0723588615655899,0.38048064708709717,-0.007078882306814194,0.12406239658594131,0.2694854140281677,-0.06507615745067596,0.28713324666023254,0.6791936159133911,-0.03614690899848938,0.3582504093647003,0.6539829969406128,-0.06903108209371567,0.5103777647018433,0.7094619274139404,-0.008853167295455933,0.38533759117126465,0.68488609790802,-0.05678316205739975,0.4973107576370239,0.6965195536613464,0.11744087934494019,0.38486406207084656,0.6546618342399597,0.04980141669511795,0.513586699962616
-0.7112705111503601,0.06154658645391464,-0.28192663192749023,-0.6972640752792358,0.021648447960615158,-0.31471818685531616,-0.6960743069648743,0.02250858023762703,-0.3025986850261688,-0.6986449360847473,0.022821858525276184,-0.30261966586112976,-0.720204770565033,0.007677938789129257,-0.291176974773407,-0.7183085680007935,0.005523279309272766,-0.30500057339668274,-0.703020453453064,0.000384259968996048,-0.28251972794532776,-0.5868118405342102,-0.05879458785057068,-0.37088334560394287,-0.5919620990753174,-0.06311500072479248,-0.2124336063861847,-0.6636624932289124,0.03398357331752777,-0.28735724091529846,-0.6464332938194275,0.028798837214708328,-0.2704714834690094,-0.3585256040096283,-0.028388913720846176,-0.31629422307014465,-0.5572646856307983,-0.1253756284713745,0.03867265209555626,-0.17070749402046204,0.06286618858575821,-0.31778663396835327,-0.38973066210746765,-0.01152036152780056,0.21080760657787323,-0.25012144446372986,0.20741389691829681,-0.17289429903030396,-0.4580700993537903,0.20217576622962952,0.286241352558136,-0.2999096214771271,0.25105515122413635,-0.1662171185016632,-0.5142245292663574,0.2040581852197647,0.26370522379875183,-0.32808297872543335,0.23355649411678314,-0.15619471669197083,-0.5355944037437439,0.1948040872812271,0.2505132555961609,-0.25614091753959656,0.20132993161678314,-0.1642727255821228,-0.4758376181125641,0.2151508927345276,0.2731049954891205,0.02754456177353859,0.026840176433324814,-0.07416820526123047,-0.03422820568084717,-0.030310481786727905,0.07134194672107697,0.38242894411087036,0.044962093234062195,0.12646344304084778,0.29332226514816284,-0.0401623398065567,0.25893715023994446,0.687170684337616,0.04379614070057869,0.3625979423522949,0.6770831942558289,-0.005076032131910324,0.48997119069099426,0.7140402793884277,0.07146643102169037,0.38801759481430054,0.7044938206672668,0.009543351829051971,0.4778602123260498,0.6705554127693176,0.1913159340620041,0.3847591280937195,0.645603358745575,0.10119429230690002,0.4740745723247528
-0.6758366823196411,-0.05803646147251129,-0.22943295538425446,-0.6695414185523987,-0.09987486898899078,-0.26511096954345703,-0.6693680882453918,-0.09913692623376846,-0.25146764516830444,-0.6704806089401245,-0.09998778998851776,-0.25334495306015015,-0.6874725222587585,-0.11358354985713959,-0.24258099496364594,-0.685975968837738,-0.11527219414710999,-0.25736573338508606,-0.6703199744224548,-0.11677401512861252,-0.23545506596565247,-0.5734882354736328,-0.18227645754814148,-0.3238113522529602,-0.5683099627494812,-0.18230050802230835,-0.16788378357887268,-0.630710244178772,-0.08887720853090286,-0.23631787300109863,-0.6091427803039551,-0.08821495622396469,-0.22048746049404144,-0.3727509677410126,-0.13847705721855164,-0.29006677865982056,-0.5367857813835144,-0.18096043169498444,0.06949986517429352,-0.3288149833679199,0.10013008117675781,-0.3109898567199707,-0.45357179641723633,0.045173272490501404,0.12383198738098145,-0.33558058738708496,0.3207334280014038,-0.21361087262630463,-0.49059250950813293,0.2849177420139313,0.08285254240036011,-0.3619595766067505,0.36738455295562744,-0.21601514518260956,-0.5224894881248474,0.28851979970932007,0.04851922020316124,-0.3859591484069824,0.3662138879299164,-0.20590728521347046,-0.5343193411827087,0.2734067440032959,0.02173818275332451,-0.33328601717948914,0.32743340730667114,-0.20754101872444153,-0.5012553930282593,0.2927766442298889,0.061721257865428925,0.024279359728097916,-0.001521415077149868,-0.07339068502187729,-0.0283758956938982,-0.0016437061131000519,0.07255753874778748,0.3614489734172821,0.11677316576242447,0.08003129065036774,0.29460611939430237,0.05899456888437271,0.2213243544101715,0.6776615381240845,0.21272332966327667,0.2884811460971832,0.6616954803466797,0.1745029091835022,0.4095968008041382,0.699792206287384,0.2486434280872345,0.30938273668289185,0.6885382533073425,0.1919923722743988,0.3874025344848633,0.6428927779197693,0.34624606370925903,0.2836044728755951,0.6116312146186829,0.2608400583267212,0.3527790606021881
-0.673812985420227,-0.04352419078350067,-0.24943667650222778,-0.6680362224578857,-0.08511719107627869,-0.2846359610557556,-0.6679307222366333,-0.08448067307472229,-0.2708035111427307,-0.6691021919250488,-0.08540453016757965,-0.2729497253894806,-0.6856436729431152,-0.09888526052236557,-0.26213836669921875,-0.6843162775039673,-0.10070675611495972,-0.27720093727111816,-0.6686800122261047,-0.10221733152866364,-0.25501078367233276,-0.571298360824585,-0.1711007058620453,-0.3421154320240021,-0.5657778382301331,-0.17007726430892944,-0.18522271513938904,-0.6279168725013733,-0.07573527097702026,-0.2556801438331604,-0.6064391136169434,-0.07486463338136673,-0.24008499085903168,-0.3674970269203186,-0.13024751842021942,-0.3051780164241791,-0.5361785292625427,-0.1741342693567276,0.05521553009748459,-0.32314714789390564,0.10805920511484146,-0.3245678246021271,-0.45377659797668457,0.05814807116985321,0.1168968603014946,-0.329906702041626,0.3289557695388794,-0.23156709969043732,-0.48951658606529236,0.2986608147621155,0.07800757884979248,-0.35566043853759766,0.37592339515686035,-0.2366277128458023,-0.5203559398651123,0.3015148639678955,0.043296411633491516,-0.379256010055542,0.37390434741973877,-0.227629616856575,-0.533594012260437,0.2867966294288635,0.015149111859500408,-0.3272092044353485,0.335690975189209,-0.22630906105041504,-0.5005062222480774,0.30634641647338867,0.056251030415296555,0.025867566466331482,-0.0011954139918088913,-0.07313016802072525,-0.029671482741832733,-0.0018150494433939457,0.07228176295757294,0.3642825782299042,0.12425746023654938,0.0942087173461914,0.30748090147972107,0.055739399045705795,0.2329651117324829,0.6773894429206848,0.21563665568828583,0.3098926246166229,0.6694004535675049,0.1745433807373047,0.42830243706703186,0.6998339295387268,0.25165054202079773,0.33124035596847534,0.6958978772163391,0.19298291206359863,0.4073772132396698,0.658296525478363,0.3486185073852539,0.3034347593784332,0.6288285255432129,0.26445263624191284,0.372794508934021
-0.6981527209281921,0.12530125677585602,-0.2774951457977295,-0.6910154223442078,0.08748207241296768,-0.3102070093154907,-0.6897701621055603,0.08797650039196014,-0.29859021306037903,-0.6926127672195435,0.0888124331831932,-0.2988664507865906,-0.7123625874519348,0.07329826802015305,-0.28700628876686096,-0.7109856605529785,0.07094705104827881,-0.30074167251586914,-0.6957454681396484,0.0647222101688385,-0.2781425714492798,-0.592781662940979,-0.009056131355464458,-0.3734082579612732,-0.5893439650535583,-0.020499706268310547,-0.2102501541376114,-0.6526570916175842,0.08821918070316315,-0.28464969992637634,-0.6339260339736938,0.08080565184354782,-0.26660361886024475,-0.36296334862709045,-0.02283218689262867,-0.3229949474334717,-0.5552830100059509,-0.08907763659954071,0.03229489177465439,-0.17137207090854645,0.028591040521860123,-0.3511144518852234,-0.3833996653556824,-0.016663677990436554,0.20966465771198273,-0.24845270812511444,0.18279816210269928,-0.23593038320541382,-0.45496276021003723,0.17303650081157684,0.29661262035369873,-0.2952400743961334,0.22972077131271362,-0.23437215387821198,-0.5085377097129822,0.1697840839624405,0.2774251699447632,-0.32803264260292053,0.21661995351314545,-0.22492483258247375,-0.5428725481033325,0.16942209005355835,0.26380226016044617,-0.2566417157649994,0.17872056365013123,-0.22861811518669128,-0.4771077036857605,0.18748131394386292,0.2837405800819397,0.02871086075901985,0.016159387305378914,-0.07475947588682175,-0.035346489399671555,-0.018916720524430275,0.07174137234687805,0.3850000500679016,0.01247045211493969,0.1369176059961319,0.28454896807670593,-0.03884422779083252,0.2704556882381439,0.677358090877533,-0.0019558239728212357,0.38166549801826477,0.6710206270217896,-0.02624884992837906,0.4903948903083801,0.7052688002586365,0.023892123252153397,0.4080037772655487,0.7008804082870483,-0.014355013146996498,0.47795426845550537,0.6771405935287476,0.1449979841709137,0.39804011583328247,0.6625175476074219,0.08240751922130585,0.4692431390285492
-0.698679506778717,0.2020212709903717,-0.2404976487159729,-0.6931350231170654,0.1620301902294159,-0.27691441774368286,-0.6921675205230713,0.16279804706573486,-0.26492324471473694,-0.6949138045310974,0.16398677229881287,-0.26561301946640015,-0.7190701365470886,0.14757531881332397,-0.25228559970855713,-0.7167802453041077,0.14520028233528137,-0.26523837447166443,-0.7027730345726013,0.1374848634004593,-0.24291570484638214,-0.5985848903656006,0.058680400252342224,-0.34859445691108704,-0.5999130606651306,0.03066815435886383,-0.18014054000377655,-0.6561421751976013,0.16246874630451202,-0.2507578134536743,-0.6389163732528687,0.1497626006603241,-0.23007237911224365,-0.3721483051776886,0.029926421120762825,-0.2919268012046814,-0.5632160305976868,-0.04807838797569275,0.050441332161426544,-0.1800292432308197,0.05298768728971481,-0.26592984795570374,-0.36202695965766907,-0.02670302987098694,0.2145887166261673,-0.27279382944107056,0.16696733236312866,-0.07667393982410431,-0.4446956515312195,0.1449396163225174,0.31293320655822754,-0.323015034198761,0.20995992422103882,-0.0632982850074768,-0.5063319206237793,0.14241059124469757,0.2961989939212799,-0.3515295386314392,0.1907254010438919,-0.05728648975491524,-0.5411005616188049,0.1446307897567749,0.2858661711215973,-0.2814998924732208,0.15603812038898468,-0.06974674761295319,-0.4680483639240265,0.16072776913642883,0.30161526799201965,0.03493067994713783,0.02144928276538849,-0.07742942124605179,-0.04159894585609436,-0.023712122812867165,0.07568690925836563,0.36729347705841064,0.011241551488637924,0.10782511532306671,0.25936996936798096,-0.034923188388347626,0.2780733108520508,0.6628938317298889,-0.01802670955657959,0.3378031551837921,0.6397770047187805,-0.03991168737411499,0.4897654056549072,0.6924101114273071,0.009578041732311249,0.36451613903045654,0.6706327199935913,-0.028490133583545685,0.4753115773200989,0.6733485460281372,0.1454215943813324,0.3643757998943329,0.6358942985534668,0.08416002243757248,0.4892979860305786
-0.696679949760437,0.20589923858642578,-0.23778605461120605,-0.6928388476371765,0.16480639576911926,-0.2741696238517761,-0.6918249130249023,0.16550934314727783,-0.2620626986026764,-0.6945433020591736,0.16671602427959442,-0.26311492919921875,-0.7189426422119141,0.15243826806545258,-0.25041463971138,-0.7166453003883362,0.1496986299753189,-0.263536274433136,-0.7031142711639404,0.14194244146347046,-0.24137385189533234,-0.6022211313247681,0.06224341690540314,-0.3428867757320404,-0.6048142910003662,0.03679915517568588,-0.1790933609008789,-0.6559802293777466,0.16669349372386932,-0.2465713620185852,-0.6388785243034363,0.15465274453163147,-0.22737820446491241,-0.380374550819397,0.02933362126350403,-0.2852424681186676,-0.5722286701202393,-0.03954622894525528,0.048673100769519806,-0.1851840317249298,0.044624410569667816,-0.2619984447956085,-0.37053173780441284,-0.03255343437194824,0.19543884694576263,-0.2752767503261566,0.16661448776721954,-0.08109438419342041,-0.4404943585395813,0.13729995489120483,0.2799808084964752,-0.32433709502220154,0.21263070404529572,-0.06777439266443253,-0.5001927018165588,0.13662788271903992,0.2629483938217163,-0.3548305332660675,0.1952512413263321,-0.06065652146935463,-0.5312857031822205,0.1402297019958496,0.25115102529525757,-0.284740686416626,0.15680146217346191,-0.07374116778373718,-0.46155020594596863,0.153005450963974,0.26812440156936646,0.03519492223858833,0.017598550766706467,-0.0743958130478859,-0.041922677308321,-0.019871126860380173,0.07302280515432358,0.37671026587486267,-0.007439818233251572,0.09688294678926468,0.26034873723983765,-0.030508723109960556,0.24932914972305298,0.6733853220939636,-0.04062279686331749,0.3295954763889313,0.6447789669036865,-0.04017540439963341,0.45377975702285767,0.7031343579292297,-0.013982370495796204,0.3574323356151581,0.6759665608406067,-0.030737213790416718,0.4374009370803833,0.684882402420044,0.11495868116617203,0.3568817675113678,0.6462081670761108,0.07331837713718414,0.44358617067337036
